mid,created_at,repost_id,uid,user_name
4561423491925665,10分钟前,4561490528966333,2663325817,杉林蝶影
4561423491925665,1小时前,4561472901093119,1715701101,波澜壮阔哥哥
4561423491925665,1小时前,4561470698819029,5546812708,酒徒AAA
4561423491925665,2小时前,4561454903334927,2769522892,Chuanwise
4561423491925665,2小时前,4561453224563623,5894847546,佳翡
4561423491925665,2小时前,4561450854784814,2635371321,厚朴Hopeful
4561423491925665,2小时前,4561448405568677,5417945382,忧岸201412
4561423491925665,3小时前,4561447713513311,3946047112,馬賽克MSK97
4561423491925665,3小时前,4561444820225639,1419004695,风雷心火
4561423491925665,3小时前,4561442161040076,5673762779,和夏天的500天
4561423491925665,3小时前,4561441593497951,5124438649,笠原May1
4561423491925665,3小时前,4561439463838664,6181444286,想当大魔王的大呀
4561423491925665,3小时前,4561438889217099,5772855913,请你照亮我前行
4561423491925665,3小时前,4561436363468552,2057052377,东方325
4561423491925665,3小时前,4561435952682262,7458120493,慢雪快晴
4561423491925665,3小时前,4561434896236818,3379551864,宁海州倪希璐
4561423491925665,3小时前,4561434837258975,7435868885,彭小彭53770
4561423491925665,3小时前,4561434627542989,7031515359,abrightlife
4561423491925665,3小时前,4561432966861534,6371170922,白人小丫2001
4561423491925665,4小时前,4561431850127648,7402295259,魏晋的稻谷都在往西飞
4561423491925665,4小时前,4561429694516343,3501986740,AkiraKKKKK
4561423491925665,4小时前,4561428810567039,7200885447,泽溪木业
4561423491925665,4小时前,4561428357057648,5394872054,Painliaoshunta
4561423491925665,4小时前,4561428319569137,3435235090,一头很懒却会飞的猪
4561423491925665,4小时前,4561427878120282,5905075046,菜鸡医学僧2020
4561423491925665,4小时前,4561427312939108,1041805655,CW500000
4561423491925665,4小时前,4561425852277290,2295837162,bu想的不想
4561423491925665,4小时前,4561425522235042,1959442782,高平kw
4561423491925665,4小时前,4561425165196726,2199251637,马德里罗尼
4561423491925665,4小时前,4561425148417674,1148936754,卡其不飞
4561423491925665,4小时前,4561425135571970,7159134983,岁月有痕08376
4561423491925665,4小时前,4561424871593923,6601577266,Garra1982
4561423491925665,4小时前,4561424866875436,7270722026,兼容求是
4561423491925665,4小时前,4561424800553823,6058071480,日啖烟硝三百摩
4561423491925665,4小时前,4561424037451401,1682175322,灿若星河暖如冬阳
4561423491925665,4小时前,4561423952521067,6692128317,天行hero
