mid,created_at,comment_id,uid,user_name
4561428055595566,26分钟前,4561486553555619,7282716548,时间卑微了承诺70846
4561428055595566,53分钟前,4561479745410856,2423700293,中二病治疗中心赵大夫
4561428055595566,58分钟前,4561478499696933,5985317519,青山有幸知我
4561428055595566,1小时前,4561477434615750,6973262310,亦非乡
4561428055595566,1小时前,4561476730486902,6000657754,幽默君旅游靓景集
4561428055595566,1小时前,4561476674922018,6358573664,身在暗处心系光明
4561428055595566,1小时前,4561467930584065,2153276501,骨灰猫
4561428055595566,1小时前,4561467192645291,6015784603,车神之刘
4561428055595566,2小时前,4561457473917479,2704852615,有所为有所不为0308
4561428055595566,2小时前,4561450553054541,6389582904,木子是个李儿
4561428055595566,2小时前,4561450204402713,6389582904,木子是个李儿
4561428055595566,2小时前,4561449647350720,3267808272,浪丨花_14994
4561428055595566,3小时前,4561445817942269,2161395327,毅个大笨蛋a
4561428055595566,3小时前,4561445775219729,1852867021,溪石风铭
4561428055595566,3小时前,4561445696839036,7359510510,Awesome84758
4561428055595566,3小时前,4561445516480522,3031820974,嬛嬛Lu
4561428055595566,3小时前,4561445453564803,7500316727,wang19910915
4561428055595566,3小时前,4561445197712868,2138893647,系辞管窥
4561428055595566,3小时前,4561445033869870,6973262310,亦非乡
4561428055595566,3小时前,4561443993426239,1845658204,Elodie李澄徵昕
4561428055595566,3小时前,4561443695887205,7459325982,给大家表演一个炸号吧
4561428055595566,3小时前,4561441522188762,5849456705,舔狗学博士
4561428055595566,3小时前,4561440511624124,2692129544,流月诗社
4561428055595566,3小时前,4561439089494964,2880303991,卡秃噜皮了么
4561428055595566,3小时前,4561438679765030,5621830151,好困想睡觉z
4561428055595566,3小时前,4561438620782299,6222517495,微教育微思考
4561428055595566,3小时前,4561437677063767,6209775582,小小小重现江湖
4561428055595566,3小时前,4561437413081938,3267808272,浪丨花_14994
4561428055595566,3小时前,4561433209344360,2692129544,流月诗社
4561428055595566,4小时前,4561431620490097,7321278258,杜崇franky
4561428055595566,4小时前,4561431036438822,7324503509,好好地008
4561428055595566,4小时前,4561430567715793,6015784603,车神之刘
4561428055595566,4小时前,4561429209023767,3462668974,草灯萤
4561428055595566,4小时前,4561429040214067,5416101749,舍予谓得
4561428055595566,4小时前,4561428709381525,7422985482,nighthaunt1
